Workbook

Sheet Dashboard
B2: DASHBOARD DE VENDAS CORPORATIVAS
B4: Visão Geral de Desempenho - 1º Semestre de 2026
B6: FATURAMENTO TOTAL | E6: TOTAL DE PEDIDOS | H6: TICKET MÉDIO | K6: PRODUTOS VENDIDOS
B7: =SUM(Dados_Vendas!I2:I31) | E7: =COUNTA(Dados_Vendas!A2:A31) | H7: =AVERAGE(Dados_Vendas!I2:I31) | K7: =SUM(Dados_Vendas!G2:G31)
B8: ▲ Meta Superada | E8: 30 Transações | H8: Por Pedido | K8: Total Itens

Sheet Dados_Vendas
A1: ID Pedido | B1: Data | C1: Vendedor | D1: Região | E1: Categoria | F1: Produto | G1: Qtd | H1: Preço Unit. (R$) | I1: Faturamento (R$) | J1: Status
A2: 1001 | B2: 2026-01-05 | C2: Carlos Silva | D2: Sudeste | E2: Alimentos | F2: Cesta Básica Premium | G2: 45 | H2: 120 | I2: =G2*H2 | J2: Concluído
A3: 1002 | B3: 2026-01-08 | C3: Ana Souza | D3: Sul | E3: Alimentos | F3: Cesta Família | G3: 30 | H3: 180 | I3: =G3*H3 | J3: Concluído
A4: 1003 | B4: 2026-01-12 | C4: Mariana Costa | D4: Sudeste | E4: Bebidas | F4: Kit Sucos Naturais | G4: 60 | H4: 45 | I4: =G4*H4 | J4: Concluído
A5: 1004 | B5: 2026-01-15 | C5: João Pedro | D5: Nordeste | E5: Alimentos | F5: Cesta Econômica | G5: 100 | H5: 85 | I5: =G5*H5 | J5: Concluído
A6: 1005 | B6: 2026-01-20 | C6: Carlos Silva | D6: Sudeste | E6: Higiene | F6: Kit Higiene Corporativa | G6: 25 | H6: 95 | I6: =G6*H6 | J6: Concluído
A7: 1006 | B7: 2026-02-02 | C7: Ana Souza | D7: Sul | E7: Alimentos | F7: Cesta Básica Premium | G7: 50 | H7: 120 | I7: =G7*H7 | J7: Concluído
A8: 1007 | B8: 2026-02-05 | C8: Mariana Costa | D8: Centro-Oeste | E8: Alimentos | F8: Cesta Família | G8: 40 | H8: 180 | I8: =G8*H8 | J8: Concluído
A9: 1008 | B9: 2026-02-10 | C9: João Pedro | D9: Nordeste | E9: Bebidas | F9: Kit Cafezinho Office | G9: 80 | H9: 65 | I9: =G9*H9 | J9: Concluído
A10: 1009 | B10: 2026-02-14 | C10: Carlos Silva | D10: Sudeste | E10: Alimentos | F10: Cesta Econômica | G10: 120 | H10: 85 | I10: =G10*H10 | J10: Concluído
A11: 1010 | B11: 2026-02-22 | C11: Lucas Lima | D11: Norte | E11: Higiene | F11: Kit Higiene Corporativa | G11: 35 | H11: 95 | I11: =G11*H11 | J11: Concluído
A12: 1011 | B12: 2026-03-01 | C12: Ana Souza | D12: Sul | E12: Alimentos | F12: Cesta Família | G12: 55 | H12: 180 | I12: =G12*H12 | J12: Concluído
A13: 1012 | B13: 2026-03-05 | C13: Mariana Costa | D13: Sudeste | E13: Alimentos | F13: Cesta Básica Premium | G13: 70 | H13: 120 | I13: =G13*H13 | J13: Concluído
... A31: 1030 | B31: 2026-06-30 | C31: Lucas Lima | D31: Centro-Oeste | E31: Alimentos | F31: Cesta Econômica | G31: 85 | H31: 85 | I31: =G31*H31 | J31: Concluído

Sheet Calculos
A1: Mês | B1: Faturamento Total | D1: Região | E1: Faturamento | G1: Vendedor | H1: Faturamento | J1: Categoria | K1: Faturamento
A2: Jan | B2: =SUMIFS(Dados_Vendas!I:I, Dados_Vendas!B:B, ">=2026-01-01", Dados_Vendas!B:B, "<=2026-01-31") | D2: Sudeste | E2: =SUMIF(Dados_Vendas!D:D, D2, Dados_Vendas!I:I) | G2: Carlos Silva | H2: =SUMIF(Dados_Vendas!C:C, G2, Dados_Vendas!I:I) | J2: Alimentos | K2: =SUMIF(Dados_Vendas!E:E, J2, Dados_Vendas!I:I)
A3: Fev | B3: =SUMIFS(Dados_Vendas!I:I, Dados_Vendas!B:B, ">=2026-02-01", Dados_Vendas!B:B, "<=2026-02-28") | D3: Sul | E3: =SUMIF(Dados_Vendas!D:D, D3, Dados_Vendas!I:I) | G3: Ana Souza | H3: =SUMIF(Dados_Vendas!C:C, G3, Dados_Vendas!I:I) | J3: Bebidas | K3: =SUMIF(Dados_Vendas!E:E, J3, Dados_Vendas!I:I)
A4: Mar | B4: =SUMIFS(Dados_Vendas!I:I, Dados_Vendas!B:B, ">=2026-03-01", Dados_Vendas!B:B, "<=2026-03-31") | D4: Nordeste | E4: =SUMIF(Dados_Vendas!D:D, D4, Dados_Vendas!I:I) | G4: Mariana Costa | H4: =SUMIF(Dados_Vendas!C:C, G4, Dados_Vendas!I:I) | J4: Higiene | K4: =SUMIF(Dados_Vendas!E:E, J4, Dados_Vendas!I:I)
A5: Abr | B5: =SUMIFS(Dados_Vendas!I:I, Dados_Vendas!B:B, ">=2026-04-01", Dados_Vendas!B:B, "<=2026-04-30") | D5: Norte | E5: =SUMIF(Dados_Vendas!D:D, D5, Dados_Vendas!I:I) | G5: João Pedro | H5: =SUMIF(Dados_Vendas!C:C, G5, Dados_Vendas!I:I)
A6: Mai | B6: =SUMIFS(Dados_Vendas!I:I, Dados_Vendas!B:B, ">=2026-05-01", Dados_Vendas!B:B, "<=2026-05-31") | D6: Centro-Oeste | E6: =SUMIF(Dados_Vendas!D:D, D6, Dados_Vendas!I:I) | G6: Lucas Lima | H6: =SUMIF(Dados_Vendas!C:C, G6, Dados_Vendas!I:I)
A7: Jun | B7: =SUMIFS(Dados_Vendas!I:I, Dados_Vendas!B:B, ">=2026-06-01", Dados_Vendas!B:B, "<=2026-06-30")
